{
  "id": "4105966",
  "name": "AI_study",
  "font_family": "iconfont",
  "css_prefix_text": "icon-",
  "description": "",
  "glyphs": [
    {
      "icon_id": "6337455",
      "name": "点赞",
      "font_class": "dianzan",
      "unicode": "ec7f",
      "unicode_decimal": 60543
    },
    {
      "icon_id": "200970",
      "name": "3.1转发",
      "font_class": "31zhuanfa",
      "unicode": "e600",
      "unicode_decimal": 58880
    },
    {
      "icon_id": "2076193",
      "name": "喜欢2",
      "font_class": "xihuan",
      "unicode": "e86f",
      "unicode_decimal": 59503
    },
    {
      "icon_id": "28945560",
      "name": "箭头",
      "font_class": "jiantou",
      "unicode": "e799",
      "unicode_decimal": 59289
    },
    {
      "icon_id": "10707179",
      "name": "箭头 上 up",
      "font_class": "jiantoushang",
      "unicode": "e619",
      "unicode_decimal": 58905
    },
    {
      "icon_id": "2681719",
      "name": "消息",
      "font_class": "xiaoxi",
      "unicode": "e616",
      "unicode_decimal": 58902
    },
    {
      "icon_id": "15838485",
      "name": "home",
      "font_class": "home",
      "unicode": "e674",
      "unicode_decimal": 58996
    },
    {
      "icon_id": "24770647",
      "name": "我的",
      "font_class": "wode-copy",
      "unicode": "e626",
      "unicode_decimal": 58918
    },
    {
      "icon_id": "35203468",
      "name": "课程 (1)",
      "font_class": "a-kecheng11",
      "unicode": "eb12",
      "unicode_decimal": 60178
    }
  ]
}
